[{"authors":["admin"],"categories":null,"content":"My name is Andrew DiLernia and I am an assistant professor in the Statistics Department at Grand Valley State University (GVSU). I grew up in Potterville, Michigan and spent my undergraduate years at GVSU. I attended the University of Minnesota - Twin Cities for my graduate studies and thoroughly enjoyed all the wonderful activities that the Twin Cities have to offer. In my free time I enjoy casually playing the piano, running, playing basketball, watching football, and most of all spending time with my cat Lei and significant other Lauren. Fall is by far my favorite season since it has the best weather and scenery of the year.\n","date":1607817600,"expirydate":-62135596800,"kind":"term","lang":"en","lastmod":1607817600,"objectID":"2525497d367e79493fd32b198b28f040","permalink":"","publishdate":"0001-01-01T00:00:00Z","relpermalink":"","section":"authors","summary":"My name is Andrew DiLernia and I am an assistant professor in the Statistics Department at Grand Valley State University (GVSU). I grew up in Potterville, Michigan and spent my undergraduate years at GVSU.","tags":null,"title":"","type":"authors"},{"authors":[],"categories":null,"content":" Click on the Slides button above to view the built-in slides feature. Slides can be added in a few ways:\nCreate slides using Wowchemy’s Slides feature and link using slides parameter in the front matter of the talk file Upload an existing slide deck to static/ and link using url_slides parameter in the front matter of the talk file Embed your slides (e.g. Google Slides) or presentation video on this page using shortcodes. Further event details, including page elements such as image galleries, can be added to the body of this page.\n","date":1906549200,"expirydate":-62135596800,"kind":"page","lang":"en","lastmod":1906549200,"objectID":"a8edef490afe42206247b6ac05657af0","permalink":"https://example.com/talk/example-talk/","publishdate":"2017-01-01T00:00:00Z","relpermalink":"/talk/example-talk/","section":"event","summary":"An example talk using Wowchemy's Markdown slides feature.","tags":[],"title":"Example Talk","type":"event"},{"authors":["Andrew S. DiLernia","Karina Quevedo","Jazmin Camchong","Kelvin Lim","Wei Pan","Lin Zhang"],"categories":null,"content":"","date":1612224000,"expirydate":-62135596800,"kind":"page","lang":"en","lastmod":1612224000,"objectID":"87d27816f53ea45f440d3fb203f215be","permalink":"https://example.com/publication/rccm/","publishdate":"2021-02-02T00:00:00Z","relpermalink":"/publication/rccm/","section":"publication","summary":"Functional magnetic resonance imaging (fMRI) data have become increasingly available and are useful for describing functional connectivity (FC), the relatedness of neuronal activity in regions of the brain. This FC of the brain provides insight into certain neurodegenerative diseases and psychiatric disorders, and thus is of clinical importance. To help inform physicians regarding patient diagnoses, unsupervised clustering of subjects based on FC is desired, allowing the data to inform us of groupings of patients based on shared features of connectivity. Since heterogeneity in FC is present even between patients within the same group, it is important to allow subject-level differences in connectivity, while still pooling information across patients within each group to describe group-level FC. To this end, we propose a random covariance clustering model (RCCM) to concurrently cluster subjects based on their FC networks, estimate the unique FC networks of each subject, and to infer shared network features. Although current methods exist for estimating FC or clustering subjects using fMRI data, our novel contribution is to cluster or group subjects based on similar FC of the brain while simultaneously providing group- and subject-level FC network estimates. The competitive performance of RCCM relative to other methods is demonstrated through simulations in various settings, achieving both improved clustering of subjects and estimation of FC networks. Utility of the proposed method is demonstrated with application to a resting-state fMRI data set collected on 43 healthy controls and 61 participants diagnosed with schizophrenia.","tags":null,"title":"Penalized model-based clustering of fMRI data","type":"publication"},{"authors":["","吳恩達"],"categories":["Demo","教程"],"content":"Overview The Wowchemy website builder for Hugo, along with its starter templates, is designed for professional creators, educators, and teams/organizations - although it can be used to create any kind of site The template can be modified and customised to suit your needs. It’s a good platform for anyone looking to take control of their data and online identity whilst having the convenience to start off with a no-code solution (write in Markdown and customize with YAML parameters) and having flexibility to later add even deeper personalization with HTML and CSS You can work with all your favourite tools and apps with hundreds of plugins and integrations to speed up your workflows, interact with your readers, and much more The template is mobile first with a responsive design to ensure that your site looks stunning on every device. Get Started 👉 Create a new site 📚 Personalize your site 💬 Chat with the Wowchemy community or Hugo community 🐦 Twitter: @wowchemy @GeorgeCushen #MadeWithWowchemy 💡 Request a feature or report a bug for Wowchemy ⬆️ Updating Wowchemy? View the Update Tutorial and Release Notes Crowd-funded open-source software To help us develop this template and software sustainably under the MIT license, we ask all individuals and businesses that use it to help support its ongoing maintenance and development via sponsorship.\n❤️ Click here to become a sponsor and help support Wowchemy’s future ❤️ As a token of appreciation for sponsoring, you can unlock these awesome rewards and extra features 🦄✨\nEcosystem Hugo Academic CLI: Automatically import publications from BibTeX Inspiration Check out the latest demo of what you’ll get in less than 10 minutes, or view the showcase of personal, project, and business sites.\nFeatures Page builder - Create anything with widgets and elements Edit any type of content - Blog posts, publications, talks, slides, projects, and more! Create content in Markdown, Jupyter, or RStudio Plugin System - Fully customizable color and font themes Display Code and Math - Code highlighting and LaTeX math supported Integrations - Google Analytics, Disqus commenting, Maps, Contact Forms, and more! Beautiful Site - Simple and refreshing one page design Industry-Leading SEO - Help get your website found on search engines and social media Media Galleries - Display your images and videos with captions in a customizable gallery Mobile Friendly - Look amazing on every screen with a mobile friendly version of your site Multi-language - 34+ language packs including English, 中文, and Português Multi-user - Each author gets their own profile page Privacy Pack - Assists with GDPR Stand Out - Bring your site to life with animation, parallax backgrounds, and scroll effects One-Click Deployment - No servers. No databases. Only files. Themes Wowchemy and its templates come with automatic day (light) and night (dark) mode built-in. Alternatively, visitors can choose their preferred mode - click the moon icon in the top right of the Demo to see it in action! Day/night mode can also be disabled by the site admin in params.toml.\nChoose a stunning theme and font for your site. Themes are fully customizable.\nLicense Copyright 2016-present George Cushen.\nReleased under the MIT license.\n","date":1607817600,"expirydate":-62135596800,"kind":"page","lang":"en","lastmod":1607817600,"objectID":"279b9966ca9cf3121ce924dca452bb1c","permalink":"https://example.com/post/getting-started/","publishdate":"2020-12-13T00:00:00Z","relpermalink":"/post/getting-started/","section":"post","summary":"Welcome 👋 We know that first impressions are important, so we've populated your new site with some initial content to help you get familiar with everything in no time.","tags":["Academic","开源"],"title":"Welcome to Wowchemy, the website builder for Hugo","type":"post"},{"authors":null,"categories":["R"],"content":"\rR Markdown\rThis is an R Markdown document. Markdown is a simple formatting syntax for authoring HTML, PDF, and MS Word documents. For more details on using R Markdown see http://rmarkdown.rstudio.com.\nYou can embed an R code chunk like this:\nsummary(cars)\r## speed dist ## Min. : 4.0 Min. : 2.00 ## 1st Qu.:12.0 1st Qu.: 26.00 ## Median :15.0 Median : 36.00 ## Mean :15.4 Mean : 42.98 ## 3rd Qu.:19.0 3rd Qu.: 56.00 ## Max. :25.0 Max. :120.00\rfit \u0026lt;- lm(dist ~ speed, data = cars)\rfit\r## ## Call:\r## lm(formula = dist ~ speed, data = cars)\r## ## Coefficients:\r## (Intercept) speed ## -17.579 3.932\rIncluding Plots\rYou can also embed plots. See Figure 1 for example:\npar(mar = c(0, 1, 0, 1))\rpie(\rc(280, 60, 20),\rc(\u0026#39;Sky\u0026#39;, \u0026#39;Sunny side of pyramid\u0026#39;, \u0026#39;Shady side of pyramid\u0026#39;),\rcol = c(\u0026#39;#0292D8\u0026#39;, \u0026#39;#F7EA39\u0026#39;, \u0026#39;#C4B632\u0026#39;),\rinit.angle = -50, border = NA\r)\rFigure 1: A fancy pie chart.\r","date":1606875194,"expirydate":-62135596800,"kind":"page","lang":"en","lastmod":1606875194,"objectID":"bf1eb249db79f10ace7d22321494165a","permalink":"https://example.com/post/2020-12-01-r-rmarkdown/","publishdate":"2020-12-01T21:13:14-05:00","relpermalink":"/post/2020-12-01-r-rmarkdown/","section":"post","summary":"R Markdown\rThis is an R Markdown document. Markdown is a simple formatting syntax for authoring HTML, PDF, and MS Word documents. For more details on using R Markdown see http://rmarkdown.","tags":["R Markdown","plot","regression"],"title":"Hello R Markdown","type":"post"},{"authors":["Lin Zhang","Andrew S. DiLernia","Karina Quevedo","Jazmin Camchong","Kelvin Lim","Wei Pan"],"categories":null,"content":"","date":1598832000,"expirydate":-62135596800,"kind":"page","lang":"en","lastmod":1598832000,"objectID":"d74555074bc0f4a6130795d7d08e478e","permalink":"https://example.com/publication/rcm/","publishdate":"2020-08-31T00:00:00Z","relpermalink":"/publication/rcm/","section":"publication","summary":"We consider a novel problem, bi-level graphical modeling, in which multiple individual graphical models can be considered as variants of a common group-level graphical model and inference of both the group- and individual-level graphical models are of interest. Such a problem arises from many applications, including multi-subject neuroimaging and genomics data analysis. We propose a novel and efficient statistical method, the random covariance model, to learn the group- and individual-level graphical models simultaneously. The proposed method can be nicely interpreted as a random covariance model that mimics the random effects model for mean structures in linear regression. It accounts for similarity between individual graphical models, identifies group-level connections that are shared by individuals, and simultaneously infers multiple individual-level networks. Compared to existing multiple graphical modeling methods that only focus on individual-level graphical modeling, our model learns the group-level structure underlying the multiple individual graphical models and enjoys computational efficiency that is particularly attractive for practical use. We further define a measure of degrees-of-freedom for the complexity of the model useful for model selection. We demonstrate the asymptotic properties of our method and show its finite-sample performance through simulation studies. Finally, we apply the method to our motivating clinical data, a multi-subject resting-state functional magnetic resonance imaging (fMRI) dataset collected from participants diagnosed with schizophrenia, identifying both individual- and group-level graphical models of functional connectivity.","tags":null,"title":"A random covariance model for bi‐level graphical modeling with application to resting‐state fMRI data","type":"publication"},{"authors":[],"categories":null,"content":"","date":1590062400,"expirydate":-62135596800,"kind":"page","lang":"en","lastmod":1590062400,"objectID":"e3083e253ec7bde1408dda77719bb265","permalink":"https://example.com/talk/asa/","publishdate":"2020-05-21T12:00:00Z","relpermalink":"/talk/asa/","section":"talk","summary":"ASA Statistical Methods in Imaging Conference Presentation","tags":[],"title":"Penalized model-based clustering of fMRI data","type":"talk"},{"authors":["Lisa A. Peterson","Igor V. Ignatovich","Alex E. Grill","Amanda Beauchamp","Yen-Yi Ho","Andrew S. DiLernia","Lin Zhang"],"categories":null,"content":"","date":1570406400,"expirydate":-62135596800,"kind":"page","lang":"en","lastmod":1570406400,"objectID":"2784963241c1b0656f615617d0e0f431","permalink":"https://example.com/publication/gwas/","publishdate":"2019-10-07T00:00:00Z","relpermalink":"/publication/gwas/","section":"publication","summary":"Metabolic activation of many carcinogens leads to formation of reactive intermediates that form DNA adducts. These adducts are cytotoxic when they interfere with cell division. They can also cause mutations by miscoding during DNA replication. Therefore, an individual’s risk of developing cancer will depend on the balance between these processes as well as their ability to repair the DNA damage. Our hypothesis is that variations of genes participating in DNA damage repair and response pathways play significant roles in an individual’s risk of developing tobacco-related cancers. To test this hypothesis, 61 human B-lymphocyte cell lines from the International HapMap project were phenotyped for their sensitivity to the cytotoxic and genotoxic properties of a model methylating agent, N-nitroso-N-methylurethane (NMUr). Cell viability was measured using a luciferase-based assay. Repair of the mutagenic and toxic DNA adduct, O6-methylguanine (O6-mG), was monitored by LC-MS/MS analysis. Genotoxic potential of NMUr was assessed employing a flow-cytometry based in-vitro mutagenesis assay in the phosphatidylinositol-glycan biosynthesis class-A (PIG-A) gene. A wide distribution of responses to NMUr was observed with no correlation to gender or ethnicity. While the rate of O6-mG repair partially influenced the toxicity of NMUr, it did not appear to be the major factor affecting individual susceptibility to the mutagenic effects of NMUr. Genome-wide analysis identified several novel single nucleotide polymorphisms to be explored in future functional validation studies for a number of the toxicological endpoints.","tags":null,"title":"Individual differences in the response of human β-lymphoblastoid cells to the cytotoxic, mutagenic and DNA damaging effects of a DNA methylating agent, N-methylnitrosourethane","type":"publication"},{"authors":[],"categories":[],"content":"Create slides in Markdown with Wowchemy Wowchemy | Documentation\nFeatures Efficiently write slides in Markdown 3-in-1: Create, Present, and Publish your slides Supports speaker notes Mobile friendly slides Controls Next: Right Arrow or Space Previous: Left Arrow Start: Home Finish: End Overview: Esc Speaker notes: S Fullscreen: F Zoom: Alt + Click PDF Export Code Highlighting Inline code: variable\nCode block:\nporridge = \u0026#34;blueberry\u0026#34; if porridge == \u0026#34;blueberry\u0026#34;: print(\u0026#34;Eating...\u0026#34;) Math In-line math: $x + y = z$\nBlock math:\n$$ f\\left( x \\right) = ;\\frac{{2\\left( {x + 4} \\right)\\left( {x - 4} \\right)}}{{\\left( {x + 4} \\right)\\left( {x + 1} \\right)}} $$\nFragments Make content appear incrementally\n{{% fragment %}} One {{% /fragment %}} {{% fragment %}} **Two** {{% /fragment %}} {{% fragment %}} Three {{% /fragment %}} Press Space to play!\nOne Two Three A fragment can accept two optional parameters:\nclass: use a custom style (requires definition in custom CSS) weight: sets the order in which a fragment appears Speaker Notes Add speaker notes to your presentation\n{{% speaker_note %}} - Only the speaker can read these notes - Press `S` key to view {{% /speaker_note %}} Press the S key to view the speaker notes!\nOnly the speaker can read these notes Press S key to view Themes black: Black background, white text, blue links (default) white: White background, black text, blue links league: Gray background, white text, blue links beige: Beige background, dark text, brown links sky: Blue background, thin dark text, blue links night: Black background, thick white text, orange links serif: Cappuccino background, gray text, brown links simple: White background, black text, blue links solarized: Cream-colored background, dark green text, blue links Custom Slide Customize the slide style and background\n{{\u0026lt; slide background-image=\u0026#34;/media/boards.jpg\u0026#34; \u0026gt;}} {{\u0026lt; slide background-color=\u0026#34;#0000FF\u0026#34; \u0026gt;}} {{\u0026lt; slide class=\u0026#34;my-style\u0026#34; \u0026gt;}} Custom CSS Example Let’s make headers navy colored.\nCreate assets/css/reveal_custom.css with:\n.reveal section h1, .reveal section h2, .reveal section h3 { color: navy; } Questions? Ask\nDocumentation\n","date":1549324800,"expirydate":-62135596800,"kind":"page","lang":"en","lastmod":1549324800,"objectID":"0e6de1a61aa83269ff13324f3167c1a9","permalink":"https://example.com/slides/example/","publishdate":"2019-02-05T00:00:00Z","relpermalink":"/slides/example/","section":"slides","summary":"An introduction to using Wowchemy's Slides feature.","tags":[],"title":"Slides","type":"slides"},{"authors":["Julian Wolfson","Joseph S. Koopmeiners","Andrew S. DiLernia"],"categories":null,"content":"","date":1522454400,"expirydate":-62135596800,"kind":"page","lang":"en","lastmod":1522454400,"objectID":"a88b984fd9cd39442e7003bb58b061ea","permalink":"https://example.com/publication/info-in-games/","publishdate":"2018-03-31T00:00:00Z","relpermalink":"/publication/info-in-games/","section":"publication","summary":"In all four major North American professional sports (baseball, basketball, football, and hockey), the primary aim of the regular season is to identify the best teams. Yet the number of regular season games used to distinguish between the teams differs dramatically between the sports, ranging from 16 (football) to 82 (basketball and hockey) to 162 (baseball). While length of season is partially determined by factors including travel logistics, rest requirements, playoff structure and television contracts, from a statistical perspective the 10-fold difference in the number of games between leagues suggests that some league’s games are more “informative” than others. In this paper, we propose a method to quantify the amount of information games yield about the relative strengths of the teams involved. Our strategy is to estimate a predictive accuracy curve which assesses how well simple paired comparison models fitted from X% of games within a season predict the outcomes of the remaining (100 - X)% of games, across multiple values of X. We compare predictive accuracy curves between seasons within each sport and across all sports, and find dramatic differences in the amount of information yielded by game results in the four major North American sports leagues.","tags":null,"title":"Who’s good this year? Comparing the information content of games in the four major US sports","type":"publication"},{"authors":null,"categories":null,"content":"Lorem ipsum dolor sit amet, consectetur adipiscing elit. Duis posuere tellus ac convallis placerat. Proin tincidunt magna sed ex sollicitudin condimentum. Sed ac faucibus dolor, scelerisque sollicitudin nisi. Cras purus urna, suscipit quis sapien eu, pulvinar tempor diam. Quisque risus orci, mollis id ante sit amet, gravida egestas nisl. Sed ac tempus magna. Proin in dui enim. Donec condimentum, sem id dapibus fringilla, tellus enim condimentum arcu, nec volutpat est felis vel metus. Vestibulum sit amet erat at nulla eleifend gravida.\nNullam vel molestie justo. Curabitur vitae efficitur leo. In hac habitasse platea dictumst. Sed pulvinar mauris dui, eget varius purus congue ac. Nulla euismod, lorem vel elementum dapibus, nunc justo porta mi, sed tempus est est vel tellus. Nam et enim eleifend, laoreet sem sit amet, elementum sem. Morbi ut leo congue, maximus velit ut, finibus arcu. In et libero cursus, rutrum risus non, molestie leo. Nullam congue quam et volutpat malesuada. Sed risus tortor, pulvinar et dictum nec, sodales non mi. Phasellus lacinia commodo laoreet. Nam mollis, erat in feugiat consectetur, purus eros egestas tellus, in auctor urna odio at nibh. Mauris imperdiet nisi ac magna convallis, at rhoncus ligula cursus.\nCras aliquam rhoncus ipsum, in hendrerit nunc mattis vitae. Duis vitae efficitur metus, ac tempus leo. Cras nec fringilla lacus. Quisque sit amet risus at ipsum pharetra commodo. Sed aliquam mauris at consequat eleifend. Praesent porta, augue sed viverra bibendum, neque ante euismod ante, in vehicula justo lorem ac eros. Suspendisse augue libero, venenatis eget tincidunt ut, malesuada at lorem. Donec vitae bibendum arcu. Aenean maximus nulla non pretium iaculis. Quisque imperdiet, nulla in pulvinar aliquet, velit quam ultrices quam, sit amet fringilla leo sem vel nunc. Mauris in lacinia lacus.\nSuspendisse a tincidunt lacus. Curabitur at urna sagittis, dictum ante sit amet, euismod magna. Sed rutrum massa id tortor commodo, vitae elementum turpis tempus. Lorem ipsum dolor sit amet, consectetur adipiscing elit. Aenean purus turpis, venenatis a ullamcorper nec, tincidunt et massa. Integer posuere quam rutrum arcu vehicula imperdiet. Mauris ullamcorper quam vitae purus congue, quis euismod magna eleifend. Vestibulum semper vel augue eget tincidunt. Fusce eget justo sodales, dapibus odio eu, ultrices lorem. Duis condimentum lorem id eros commodo, in facilisis mauris scelerisque. Morbi sed auctor leo. Nullam volutpat a lacus quis pharetra. Nulla congue rutrum magna a ornare.\nAliquam in turpis accumsan, malesuada nibh ut, hendrerit justo. Cum sociis natoque penatibus et magnis dis parturient montes, nascetur ridiculus mus. Quisque sed erat nec justo posuere suscipit. Donec ut efficitur arcu, in malesuada neque. Nunc dignissim nisl massa, id vulputate nunc pretium nec. Quisque eget urna in risus suscipit ultricies. Pellentesque odio odio, tincidunt in eleifend sed, posuere a diam. Nam gravida nisl convallis semper elementum. Morbi vitae felis faucibus, vulputate orci placerat, aliquet nisi. Aliquam erat volutpat. Maecenas sagittis pulvinar purus, sed porta quam laoreet at.\n","date":1461715200,"expirydate":-62135596800,"kind":"page","lang":"en","lastmod":1461715200,"objectID":"e8f8d235e8e7f2efd912bfe865363fc3","permalink":"https://example.com/project/example/","publishdate":"2016-04-27T00:00:00Z","relpermalink":"/project/example/","section":"project","summary":"An example of using the in-built project page.","tags":["Deep Learning"],"title":"Example Project","type":"project"}]