<?xml version="1.0" encoding="utf-8" standalone="yes" ?>
<rss version="2.0" xmlns:atom="http://www.w3.org/2005/Atom">
  <channel>
    <title>Publications | Andrew DiLernia</title>
    <link>https://example.com/publication/</link>
      <atom:link href="https://example.com/publication/index.xml" rel="self" type="application/rss+xml" />
    <description>Publications</description>
    <generator>Wowchemy (https://wowchemy.com)</generator><language>en-us</language><lastBuildDate>Tue, 02 Feb 2021 00:00:00 +0000</lastBuildDate>
    <image>
      <url>https://example.com/media/icon_hud699e3f09c4a208be8f66dc2945f40f7_137513_512x512_fill_lanczos_center_3.png</url>
      <title>Publications</title>
      <link>https://example.com/publication/</link>
    </image>
    
    <item>
      <title>Penalized model-based clustering of fMRI data</title>
      <link>https://example.com/publication/rccm/</link>
      <pubDate>Tue, 02 Feb 2021 00:00:00 +0000</pubDate>
      <guid>https://example.com/publication/rccm/</guid>
      <description></description>
    </item>
    
    <item>
      <title>A random covariance model for bi‐level graphical modeling with application to resting‐state fMRI data</title>
      <link>https://example.com/publication/rcm/</link>
      <pubDate>Mon, 31 Aug 2020 00:00:00 +0000</pubDate>
      <guid>https://example.com/publication/rcm/</guid>
      <description></description>
    </item>
    
    <item>
      <title>Individual differences in the response of human β-lymphoblastoid cells to the cytotoxic, mutagenic and DNA damaging effects of a DNA methylating agent, N-methylnitrosourethane</title>
      <link>https://example.com/publication/gwas/</link>
      <pubDate>Mon, 07 Oct 2019 00:00:00 +0000</pubDate>
      <guid>https://example.com/publication/gwas/</guid>
      <description></description>
    </item>
    
    <item>
      <title>Who’s good this year? Comparing the information content of games in the four major US sports</title>
      <link>https://example.com/publication/info-in-games/</link>
      <pubDate>Sat, 31 Mar 2018 00:00:00 +0000</pubDate>
      <guid>https://example.com/publication/info-in-games/</guid>
      <description></description>
    </item>
    
  </channel>
</rss>
