<?xml version="1.0" encoding="utf-8" standalone="yes" ?>
<rss version="2.0" xmlns:atom="http://www.w3.org/2005/Atom">
  <channel>
    <title>Tags | Andrew DiLernia</title>
    <link>https://example.com/tags/</link>
      <atom:link href="https://example.com/tags/index.xml" rel="self" type="application/rss+xml" />
    <description>Tags</description>
    <generator>Wowchemy (https://wowchemy.com)</generator><language>en-us</language><lastBuildDate>Sun, 13 Dec 2020 00:00:00 +0000</lastBuildDate>
    <image>
      <url>https://example.com/media/icon_hud699e3f09c4a208be8f66dc2945f40f7_137513_512x512_fill_lanczos_center_3.png</url>
      <title>Tags</title>
      <link>https://example.com/tags/</link>
    </image>
    
  </channel>
</rss>
