<?xml version="1.0" encoding="utf-8" standalone="yes" ?>
<rss version="2.0" xmlns:atom="http://www.w3.org/2005/Atom">
  <channel>
    <title>Presentations | Andrew DiLernia</title>
    <link>https://example.com/talk/</link>
      <atom:link href="https://example.com/talk/index.xml" rel="self" type="application/rss+xml" />
    <description>Presentations</description>
    <generator>Wowchemy (https://wowchemy.com)</generator><language>en-us</language><lastBuildDate>Thu, 21 May 2020 12:00:00 +0000</lastBuildDate>
    <image>
      <url>https://example.com/media/icon_hud699e3f09c4a208be8f66dc2945f40f7_137513_512x512_fill_lanczos_center_3.png</url>
      <title>Presentations</title>
      <link>https://example.com/talk/</link>
    </image>
    
    <item>
      <title>Penalized model-based clustering of fMRI data</title>
      <link>https://example.com/talk/asa/</link>
      <pubDate>Thu, 21 May 2020 12:00:00 +0000</pubDate>
      <guid>https://example.com/talk/asa/</guid>
      <description></description>
    </item>
    
  </channel>
</rss>
